<?xml version="1.0" encoding="UTF-8"?>
<CustomField xmlns="http://soap.sforce.com/2006/04/metadata">
    <fullName>Status__c</fullName>
    <label>Status</label>
    <required>false</required>
    <trackFeedHistory>false</trackFeedHistory>
    <type>Picklist</type>
    <valueSet>
        <restricted>true</restricted>
        <valueSetDefinition>
            <sorted>false</sorted>
            <value>
                <fullName>Draft</fullName>
                <default>false</default>
                <label>Draft</label>
            </value>
            <value>
                <fullName>In Progress</fullName>
                <default>false</default>
                <label>In Progress</label>
            </value>
            <value>
                <fullName>Active</fullName>
                <default>false</default>
                <label>Active</label>
            </value>
            <value>
                <fullName>Expired</fullName>
                <default>false</default>
                <label>Expired</label>
            </value>
        </valueSetDefinition>
    </valueSet>
</CustomField>
