<?xml version="1.0" encoding="UTF-8"?>
<CustomField xmlns="http://soap.sforce.com/2006/04/metadata">
    <fullName>Account_Contract__c</fullName>
    <description>This field is used to store Account Master Detail Relationship</description>
    <label>Account Contract</label>
    <referenceTo>Account_Contract__c</referenceTo>
    <relationshipLabel>Account Contract Clauses</relationshipLabel>
    <relationshipName>Account_Contract_Clauses</relationshipName>
    <relationshipOrder>0</relationshipOrder>
    <reparentableMasterDetail>true</reparentableMasterDetail>
    <trackHistory>false</trackHistory>
    <trackTrending>false</trackTrending>
    <type>MasterDetail</type>
    <writeRequiresMasterRead>false</writeRequiresMasterRead>
</CustomField>
