<?xml version="1.0" encoding="UTF-8"?>
<CustomField xmlns="http://soap.sforce.com/2006/04/metadata">
    <fullName>Account__c</fullName>
    <description>lookup to account</description>
    <label>Account</label>
    <referenceTo>Account</referenceTo>
    <relationshipLabel>Account Contracts</relationshipLabel>
    <relationshipName>Account_Contracts</relationshipName>
    <relationshipOrder>0</relationshipOrder>
    <reparentableMasterDetail>false</reparentableMasterDetail>
    <trackHistory>false</trackHistory>
    <trackTrending>false</trackTrending>
    <type>MasterDetail</type>
    <writeRequiresMasterRead>false</writeRequiresMasterRead>
</CustomField>
